3004,1,72,PHARM_DISPENSER_TYPE_QUAL,VARCHAR2,1
3004,1,73,DISPENSER_TYPE_CD,VARCHAR2,2
3004,1,74,PHARMACY_CLASS_CODE_QUALIFIER,VARCHAR2,1
3004,1,75,DISPENSER_CLASS_CD,VARCHAR2,1
3004,1,76,IN_NETWORK_INDICATOR,VARCHAR2,1
3004,1,77,NETWORK_REIMBURSEMENT_ID,VARCHAR2,10
3004,1,78,I_PRESCRIBER_ID_QLFR,VARCHAR2,2
3004,1,79,I_PRESCRIBER_ID,VARCHAR2,15
3004,1,80,REGISTER_CD,VARCHAR2,2
3004,1,81,PRACTITIONER_REGISTER_ID,VARCHAR2,15
3004,1,82,TAXONOMY_CD,VARCHAR2,10
3004,1,83,CLAIM_STATUS_CD,VARCHAR2,2
3004,1,84,PRESC_LAST_NAME,VARCHAR2,35
3004,1,85,PRESC_FIRST_NAME,VARCHAR2,25
3004,1,86,PRESC_PHONE_NUMBER,VARCHAR2,10
3004,1,87,I_PRIMARY_CARE_PROVDR_ID_QLFR,VARCHAR2,2
3004,1,88,I_PRIMARY_CARE_PROVDR_ID,VARCHAR2,15
3004,1,89,LAST_NAME,VARCHAR2,35
3004,1,90,FIRST_NAME,VARCHAR2,25
3004,1,91,RECORD_STATUSCODE,VARCHAR2,1
3004,1,92,PBS_TXN_SUB_CD,VARCHAR2,1
3004,1,93,PROCESS_PAY_CLARIFICATION_CD,VARCHAR2,2
3004,1,94,I_RX_SERVICE_REF_NO_QLFR,VARCHAR2,1
3004,1,95,I_RX_SERVICE_REF_NO,VARCHAR2,12
3004,1,96,I_PRODUCT_SERVICE_ID_QLFR,VARCHAR2,2
3004,1,97,I_PRODUCT_SERVICE_ID,VARCHAR2,19
3004,1,98,I_SERVICE_DT,DATE,8
3004,1,99,ADJUD_DT,DATE,8
3004,1,100,LAST_UPD_TIMESTAMP,VARCHAR2,6
3004,1,44,GROUP_ID,VARCHAR2,15
3004,1,45,CARRIER_NUMBER,VARCHAR2,9
3004,1,46,I_PLAN_ID,VARCHAR2,15
3004,1,47,CONTRACT_NUMBER,VARCHAR2,8
3004,1,48,BENEFIT_TYPE,VARCHAR2,1
3004,1,49,MEM_SUBMITTED_CLM_PROGRAM_CODE,VARCHAR2,1
3004,1,50,NON_POS_CLAIM_OVERRIDE_CODE_1,VARCHAR2,1
3004,1,51,NON_POS_CLAIM_OVERRIDE_CODE_2,VARCHAR2,1
3004,1,52,NON_POS_CLAIM_OVERRIDE_CODE_3,VARCHAR2,1
3004,1,53,COPAY_MODIFIER_ID,VARCHAR2,10
3004,1,54,PLAN_CUTBACK_REASON_CODE,VARCHAR2,1
3004,1,55,PREFERRED_ALTERNATIVE_FILE_ID,VARCHAR2,10
3004,1,56,I_OTHER_COV_CD,VARCHAR2,2
3004,1,57,PLAN_BENEFITCODE,VARCHAR2,2
3004,1,58,PLAN_TYPE,VARCHAR2,4
3004,1,59,I_SERVICE_PROVIDER_ID_QLFR,VARCHAR2,2
3004,1,60,I_SERVICE_PROVIDER_ID,VARCHAR2,15
3004,1,61,SERVICE_PROVIDER_ID_QLFR,VARCHAR2,2
3004,1,62,SERVICE_PROVIDER_ID,VARCHAR2,15
3004,1,63,THIRD_PARTY_AGENCY_ID,VARCHAR2,7
3004,1,388,FILLER_4,VARCHAR2,414
3004,2,1,RECORD_TYPE,VARCHAR2,2
3004,2,2,VERSION_RELEASENUMBER,VARCHAR2,2
3004,2,3,SENDING_ENTITYIDENTIFIER,VARCHAR2,24
3004,2,4,BATCHNUMBER,VARCHAR2,7
3004,2,5,CREATIONDATE,DATE,8
3004,2,6,CREATIONTIME,VARCHAR2,4
3004,2,7,RECEIVERID,VARCHAR2,24
3004,2,8,REPORTING_PERIOD_STARTDATE,DATE,8
3004,2,9,REPORTING_PERIOD_ENDDATE,DATE,8
3004,2,10,FILE_TYPE,VARCHAR2,1
3004,2,11,TRANSMISSIONACTION,VARCHAR2,1
3004,2,12,SUBMISSIONNUMBER,VARCHAR2,2
3004,2,13,FILLER,VARCHAR2,3609
3004,3,1,RECORD_TYPE,VARCHAR2,2
3004,3,2,TOTAL_RECORD_COUNT,NUMBER,10
3004,3,3,TOTAL_NET_AMOUNT_DUE,NUMBER,12
3004,3,4,TOTAL_GROSS_AMOUNT_DUE,NUMBER,12
3004,3,5,TOTAL_PATIENT_PAY_AMOUNT,NUMBER,12
3004,3,6,FILLER,VARCHAR2,3652
3004,1,104,COMMUNICATION_TYPE_INDICATOR,VARCHAR2,2
3004,1,105,PLACE_OF_SERVICE,VARCHAR2,2
3004,1,106,I_PATIENT_RESIDENCE_CD,VARCHAR2,2
3004,1,107,I_RX_ORIGIN_CD,VARCHAR2,1
3004,1,108,MEM_SUB_CLM_PAY_RELEASE_DATE,DATE,8
3004,1,109,CLM_DATE_RECEIVED_IN_THE_MAIL,DATE,8
3004,1,110,INTERNAL_MAIL_ORDER_PRESC,VARCHAR2,15
3004,1,111,I_VERSION_RELEASE_NO,VARCHAR2,2
3004,1,112,PAYMENT_DATE,DATE,8
3004,1,113,REMITTANCE_ADVICE_NO,VARCHAR2,30
3004,1,114,I_ASSOCIATED_RX_SERVICE_NO,VARCHAR2,12
3004,1,115,I_ASSOCIATED_RX_SERVICE_DT,DATE,8
3004,1,116,I_QTY_DISPENSED_1,NUMBER,10
3004,1,117,I_NEW_REFILL_CD,VARCHAR2,2
3004,1,118,I_DAYS_SUPPLY_1,NUMBER,3
3004,1,119,I_RX_DT,VARCHAR2,8
3004,1,120,I_DAW_CD,VARCHAR2,1
3004,1,121,I_NO_REFILLS_AUTH,VARCHAR2,2
3004,1,122,I_UNIT_DOSE_CD,VARCHAR2,1
3004,1,123,I_UNIT_OF_MEASURE,VARCHAR2,2
3004,1,124,I_LEVEL_OF_SERVICE,VARCHAR2,2
3004,1,125,I_DISPENSING_STATUS,VARCHAR2,1
3004,1,126,I_QTY_DISPENSED_2,VARCHAR2,10
3004,1,127,I_QTY_PRESCRIBED,VARCHAR2,10
3004,1,128,I_DAYS_SUPPLY_2,VARCHAR2,3
3004,1,129,FILL_NUMBER_CALCULATED,VARCHAR2,2
3004,1,130,I_COMPOUND_CD,VARCHAR2,1
3004,1,131,I_COMPOUND_TYPE,VARCHAR2,2
3004,1,132,I_CMPND_ROUTE_OF_ADMIN,VARCHAR2,2
3004,1,133,I_ROUTE_OF_ADMIN_D0,VARCHAR2,11
3004,1,134,I_DIAGNOSIS_CD_QLFR_1,VARCHAR2,2
3004,1,135,I_DIAGNOSIS_CD_1,VARCHAR2,15
3004,1,136,I_DIAGNOSIS_CD_QLFR_2,VARCHAR2,2
3004,1,137,I_DIAGNOSIS_CD_2,VARCHAR2,15
3004,1,138,I_DIAGNOSIS_CD_QLFR_3,VARCHAR2,2
3004,1,139,I_DIAGNOSIS_CD_3,VARCHAR2,15
3004,1,140,I_DIAGNOSIS_CD_QLFR_4,VARCHAR2,2
3004,1,141,I_DIAGNOSIS_CD_4,VARCHAR2,15
3004,1,142,I_DIAGNOSIS_CD_QLFR_5,VARCHAR2,2
3004,1,143,I_DIAGNOSIS_CD_5,VARCHAR2,15
3004,1,144,I_REASON_FOR_SERVICE_CD_1,VARCHAR2,2
3004,1,145,I_PROFESSIONAL_SERVICE_CD_1,VARCHAR2,2
3004,1,146,I_RESULT_OF_SERVICE_CD_1,VARCHAR2,2
3004,1,147,I_DUR_PPS_LEVEL_OF_EFFORT_1,VARCHAR2,2
3004,1,148,I_REASON_FOR_SERVICE_CD_2,VARCHAR2,2
3004,1,149,I_PROFESSIONAL_SERVICE_CD_2,VARCHAR2,2
3004,1,150,I_RESULT_OF_SERVICE_CD_2,VARCHAR2,2
3004,1,151,I_DUR_PPS_LEVEL_OF_EFFORT_2,VARCHAR2,2
3004,1,152,I_REASON_FOR_SERVICE_CD_3,VARCHAR2,2
3004,1,153,I_PROFESSIONAL_SERVICE_CD_3,VARCHAR2,2
3004,1,154,I_RESULT_OF_SERVICE_CD_3,VARCHAR2,2
3004,1,155,I_DUR_PPS_LEVEL_OF_EFFORT_3,VARCHAR2,2
3004,1,156,I_REASON_FOR_SERVICE_CD_4,VARCHAR2,2
3004,1,157,I_PROFESSIONAL_SERVICE_CD_4,VARCHAR2,2
3004,1,158,I_RESULT_OF_SERVICE_CD_4,VARCHAR2,2
3004,1,159,I_DUR_PPS_LEVEL_OF_EFFORT_4,VARCHAR2,2
3004,1,160,I_REASON_FOR_SERVICE_CD_5,VARCHAR2,2
3004,1,161,I_PROFESSIONAL_SERVICE_CD_5,VARCHAR2,2
3004,1,162,I_RESULT_OF_SERVICE_CD_5,VARCHAR2,2
3004,1,1,RECORD_TYPE,VARCHAR2,2
3004,1,2,RECORD_INDICATOR,VARCHAR2,1
3004,1,3,ELIG_COVERAGE_CODE,VARCHAR2,3
3004,1,4,PLAN_ID,VARCHAR2,10
3004,1,5,USER_COVERAGE_ID,VARCHAR2,10
3004,1,6,ELIG_GROUP_ID,VARCHAR2,15
3004,1,7,LINE_OF_BUSINESS_CODE,VARCHAR2,6
3004,1,8,INSURANCE_CODE_,VARCHAR2,20
3004,1,9,CLIENT_ASSIGNED_LOCATION_CODE,VARCHAR2,20
3004,1,10,CLIENT_PASSTHROUGH,VARCHAR2,200
3004,1,11,ADJ_CARDHOLDER_ID,VARCHAR2,20
3004,1,12,PATIENT_LAST_NAME,VARCHAR2,35
3004,1,13,PATIENT_FIRST_NAME,VARCHAR2,25
3004,1,14,PATIENT_MIDDLE_INITIAL,VARCHAR2,1
3004,1,15,PATIENT_NAME_SUFFIX,VARCHAR2,10
3004,1,16,PATIENT_ADDRESS_LINE_1,VARCHAR2,55
3004,1,17,PATIENT_ADDRESS_LINE_2,VARCHAR2,55
3004,1,18,PATIENT_CITY_TOWN,VARCHAR2,30
3004,1,163,I_DUR_PPS_LEVEL_OF_EFFORT_5,VARCHAR2,2
3004,1,164,I_REASON_FOR_SERVICE_CD_6,VARCHAR2,2
3004,1,165,I_PROFESSIONAL_SERVICE_CD_6,VARCHAR2,2
3004,1,166,I_RESULT_OF_SERVICE_CD_6,VARCHAR2,2
3004,1,167,I_DUR_PPS_LEVEL_OF_EFFORT_6,VARCHAR2,2
3004,1,168,I_REASON_FOR_SERVICE_CD_7,VARCHAR2,2
3004,1,169,I_PROFESSIONAL_SERVICE_CD_7,VARCHAR2,2
3004,1,170,I_RESULT_OF_SERVICE_CD_7,VARCHAR2,2
3004,1,171,I_DUR_PPS_LEVEL_OF_EFFORT_7,VARCHAR2,2
3004,1,172,I_REASON_FOR_SERVICE_CD_8,VARCHAR2,2
3004,1,173,I_PROFESSIONAL_SERVICE_CD_8,VARCHAR2,2
3004,1,174,I_RESULT_OF_SERVICE_CD_8,VARCHAR2,2
3004,1,175,I_DUR_PPS_LEVEL_OF_EFFORT_8,VARCHAR2,2
3004,1,176,I_REASON_FOR_SERVICE_CD_9,VARCHAR2,2
3004,1,177,I_PROFESSIONAL_SERVICE_CD_9,VARCHAR2,2
3004,1,178,I_RESULT_OF_SERVICE_CD_9,VARCHAR2,2
3004,1,179,I_DUR_PPS_LEVEL_OF_EFFORT_9,VARCHAR2,2
3004,1,180,I_DUR_CO_AGENT_ID_QLFR,VARCHAR2,2
3004,1,181,I_DUR_CO_AGENT_ID,VARCHAR2,19
3004,1,182,REJECT_OVERRIDE_CODE,VARCHAR2,1
3004,1,183,O_REJECT_CD_1,VARCHAR2,3
3004,1,184,O_REJECT_CD_2,VARCHAR2,3
3004,1,185,O_REJECT_CD_3,VARCHAR2,3
3004,1,186,O_REJECT_CD_4,VARCHAR2,3
3004,1,187,O_REJECT_CD_5,VARCHAR2,3
3004,1,188,I_CLAIM_REFERENCE_ID,VARCHAR2,30
3004,1,189,I_DT_OF_INJURY,VARCHAR2,8
3004,1,190,SOURCE_OF_DATA_CD,VARCHAR2,1
3004,1,191,PRODUCT_SERVICE_NAME,VARCHAR2,30
3004,1,192,GEN_NAME,VARCHAR2,30
3004,1,193,DRUG_STRENGTH_DESC,VARCHAR2,15
3004,1,194,DOSAGE_FORM_CD_1,VARCHAR2,4
3004,1,195,FILLER_1,VARCHAR2,8
3004,1,196,DRUG_TYPE,VARCHAR2,1
3004,1,197,MAINTENANCE_IND,VARCHAR2,1
3004,1,19,PATIENT_PROV_STATE_CD,VARCHAR2,2
3004,1,20,PATIENT_POSTAL_ZIP,VARCHAR2,15
3004,1,21,BIRTH_DT,DATE,8
3004,1,22,GENDER_CD,VARCHAR2,1
3004,1,23,MEDICARE_PLAN_CODE,VARCHAR2,1
3004,1,24,PAYROLL_CLASS,VARCHAR2,1
3004,1,25,PATIENT_IDQUALIFIER,VARCHAR2,2
3004,1,26,I_CARDHOLDER_ID,VARCHAR2,20
3004,1,27,I_PATIENT_LAST_NAME,VARCHAR2,35
3004,1,28,I_PATIENT_FIRST_NAME,VARCHAR2,25
3004,1,29,I_PATIENT_MIDDLE_INITIAL,VARCHAR2,1
3004,1,30,I_PATIENT_NAMESUFFIX,VARCHAR2,10
3004,1,31,I_PATIENT_ADDRESS_LINE_1,VARCHAR2,55
3004,1,32,I_PATIENT_ADDRESS_LINE_2,VARCHAR2,55
3004,1,33,I_PATIENT_CITY_TOWN,VARCHAR2,30
3004,1,34,I_PATIENT_PROV_STATE_CD,VARCHAR2,2
3004,1,35,I_PATIENT_POSTAL_ZIP,VARCHAR2,15
3004,1,36,I_BIRTH_DT,DATE,8
3004,1,37,I_GENDER_CD,VARCHAR2,1
3004,1,38,PATIENT_RELATIONSHIP_CODE,VARCHAR2,2
3004,1,39,AGE,VARCHAR2,3
3004,1,40,ADJ_PERSON_CD,VARCHAR2,3
3004,1,41,I_RELATIONSHIP_CD,VARCHAR2,1
3004,1,42,I_ELIG_CLARIFICATION_CD,VARCHAR2,1
3004,1,43,I_FACILITY_ID,VARCHAR2,10
3004,1,198,THIRD_PARTY_EXCEPT_CAT_CD,VARCHAR2,1
3004,1,199,FEDERAL_REGULATORY_CD,VARCHAR2,1
3004,1,200,RX_REQUIRED_IND,VARCHAR2,1
3004,1,201,I_SUBM_CLARIFICATION_CD_1,VARCHAR2,2
3004,1,202,I_SUBM_CLARIFICATION_CD_2,VARCHAR2,2
3004,1,203,I_SUBM_CLARIFICATION_CD_3,VARCHAR2,2
3004,1,204,HCFA_DESI_CD,VARCHAR2,1
3004,1,205,PRODUCT_CODE_QUALIFIER_1,VARCHAR2,1
3004,1,206,GCN_SEQ_NO,VARCHAR2,17
3004,1,207,PRODUCT_CODE_QUALIFIER_2,VARCHAR2,1
3004,1,208,HICL_SEQUENCE_NO,VARCHAR2,17
3004,1,209,PRODUCT_CODE_QUALIFIER_3,VARCHAR2,1
3004,1,210,GCN,VARCHAR2,17
3004,1,211,PRICE_TYPE_CD,VARCHAR2,1
3004,1,212,PRESCRIBED_DAYS_SUPPLY,NUMBER,3
3004,1,213,THERAPEUTIC_CLASS_CODE_QUAL_1,VARCHAR2,1
3004,1,214,GENERIC_THERAPEUTIC_CLASS_CD,VARCHAR2,17
3004,1,215,THERAPEUTIC_CLASS_CODE_QUAL_2,VARCHAR2,1
3004,1,216,STANDARD_THERAPEUTIC_CLASS_CD,VARCHAR2,17
3004,1,217,THERAPEUTIC_CLASS_CODE_QUAL_3,VARCHAR2,1
3004,1,218,HIC3,VARCHAR2,17
3004,1,219,THERAPEUTIC_CLASS_CODE_QUAL_4,VARCHAR2,1
3004,1,220,DOSAGE_FORM_CD_2,VARCHAR2,17
3004,1,221,FORMULARYSTATUS,VARCHAR2,1
3004,1,222,CLIENT_FORMULARYFLAG,VARCHAR2,1
3004,1,223,THERAPEUTICCHAPTER,VARCHAR2,8
3004,1,224,FORMULARY_FILE_ID,VARCHAR2,15
3004,1,225,FORMULARY_CODE_TYPE,VARCHAR2,1
3004,1,226,O_INGRED_COST_PAID_AMT,NUMBER,8
3004,1,227,O_DISPENSE_FEE_PAID_AMT,NUMBER,8
3004,1,228,O_TOTAL_AMT_PAID,NUMBER,8
3004,1,229,O_AMT_ATTRIB_TO_SALES_TAX,NUMBER,8
3004,1,230,I_PATIENT_PAID_AMT,NUMBER,8
3004,1,231,O_AMT_OF_COPAY,NUMBER,8
3004,1,232,O_AMT_OF_COINSURANCE,NUMBER,8
3004,1,233,O_AMT_ATTRIB_TO_PROD_SELECTION,NUMBER,8
3004,1,234,O_AMT_APPLIED_TO_PERIOD_DEDUCT,NUMBER,8
3004,1,235,O_AMT_ATTRIB_TO_PROCESSOR_FEE,NUMBER,8
3004,1,236,O_AMT_ATTR_TO_PRVIDER_NTWK_SEL,NUMBER,8
3004,1,237,O_AMT_ATTR_TO_PROD_SEL_BRAND,NUMBER,8
3004,1,238,O_AMT_ATTR_TO_PROD_SEL_NP,NUMBER,8
3004,1,239,O_AMT_ATTR_TO_PROD_SEL_BR_NP,NUMBER,8
3004,1,240,O_AMT_ATTR_TO_COVERAGE_GAP,NUMBER,8
3004,1,241,CLIENT_PRICE_TYPE_CD_1,VARCHAR2,1
3004,1,242,CLIENT_PRICE_TYPE_CD_2,VARCHAR2,2
3004,1,243,PRICING_BRAND_CLASS_CD,VARCHAR2,1
3004,1,244,OUT_OF_POCKET_APPLY_AMOUNT,NUMBER,8
3004,1,245,AVG_COST_PER_QTY_UNIT_PRICE,NUMBER,9
3004,1,246,AVERAGE_GENERIC_UNIT_PRICE,NUMBER,9
3004,1,247,SERVICE_PRICE_1,NUMBER,9
3004,1,248,SERVICE_PRICE_2,NUMBER,9
3004,1,249,I_GROSS_DUE_AMT,NUMBER,8
3004,1,250,SERVICE_PRICE_3,NUMBER,9
3004,1,251,I_INGRED_COST_AMT,NUMBER,8
3004,1,252,I_USUAL_AND_CUSTOMARY_AMT,NUMBER,8
3004,1,253,I_FLAT_SALES_TAX_AMT,NUMBER,8
3004,1,254,PERCENT_SALES_TAX_AMOUNTPAID,NUMBER,8
3004,1,255,PERCENTAGE_SALES_TAX_RATEPAID,NUMBER,7
3004,1,256,PERCENTAGE_SALES_TAX_BASISPAID,NUMBER,2
3004,1,257,O_INCENTIVE_FEE_PAID,NUMBER,8
3004,1,258,PROFESSIONAL_SERVICE_FEEPAID,NUMBER,8
3004,1,259,OTHER_PAYER_AMT_PAID_QLFR_1,NUMBER,2
3004,1,260,OTHER_PAYER_AMT_1,NUMBER,8
3004,1,261,OTHER_PAYER_AMT_PAID_QLFR_2,NUMBER,2
3004,1,262,OTHER_PAYER_AMT_2,NUMBER,8
3004,1,263,OTHER_PAYER_AMT_PAID_QLFR_3,NUMBER,2
3004,1,264,OTHER_PAYER_AMT_3,NUMBER,8
3004,1,265,O_OTHER_PAYER_AMT_RECOGNIZED,NUMBER,8
3004,1,266,I_OT_PAY_PAT_RESP_AMT_QLFR_1,NUMBER,2
3004,1,267,I_OT_PAY_PAT_RESP_AMT_1,NUMBER,10
3004,1,268,I_OT_PAY_PAT_RESP_AMT_QLFR_2,NUMBER,2
3004,1,269,I_OT_PAY_PAT_RESP_AMT_2,NUMBER,10
3004,1,270,I_TOTAL_AMT_PAID,NUMBER,8
3004,1,271,O_BASIS_REIMB_DETERMIN_CD,NUMBER,2
3004,1,272,ACCUMULATED_DEDUCTIBLE_AMOUNT,NUMBER,8
3004,1,273,REMAINING_DEDUCTIBLE_AMOUNT,NUMBER,8
3004,1,274,REMAINING_BENEFIT_AMOUNT,NUMBER,8
3004,1,275,COST_DIFFERENCE_AMOUNT,NUMBER,8
3004,1,276,EXCESS_COPAY_AMOUNT,NUMBER,8
3004,1,277,MEMBER_SUBMIT_AMOUNT,NUMBER,8
3004,1,278,HOLD_HARMLESS_AMOUNT,NUMBER,8
3004,1,279,AMT_EXCEED_PERI_BENEFIT_MAX,NUMBER,8
3004,1,280,O_BASIS_CALC_DISP_FEE_CD,VARCHAR2,2
3004,1,281,O_BASIS_OF_CALC_COPAY_CD,VARCHAR2,2
3004,1,282,O_BASIS_SALES_TAX_CALC_FLAT_CD,VARCHAR2,2
3004,1,283,O_BASIS_SALES_TAX_CALC_PCT_CD,VARCHAR2,2
3004,1,284,O_BASIS_OF_CALC_COINSURANCE,VARCHAR2,2
3004,1,285,O_TAX_EXEMPT_CD,VARCHAR2,1
3004,1,286,PATIENT_FORM_REBATE_AMOUNT,NUMBER,8
3004,1,287,MEDICARE_RECOVERY_INDICATOR,VARCHAR2,1
3004,1,288,MEDICARE_RECOVERY_DISP_IND,VARCHAR2,1
3004,1,289,PATIENT_SPEND_DOWNAMOUNT,NUMBER,8
3004,1,290,HLTH_CARE_REIM_ACC_AMT_APPLIED,NUMBER,8
3004,1,291,HLTH_CARE_REIM_ACC_AMT_REMAIN,NUMBER,8
3004,1,292,ADMIN_FEE_EFFECT_INDICATOR,VARCHAR2,1
3004,1,293,ADMIN_FEE_AMOUNT,NUMBER,4
3004,1,294,INVOICEDAMOUNT,NUMBER,11
3004,1,295,FILLER_2,VARCHAR2,10
3004,1,296,SPENDING_ACCOUNT_AMT_REMAIN,NUMBER,8
3004,1,297,HLTH_PLAN_FUND_ASSISTANCE_AMT,NUMBER,8
3004,1,298,I_PRIOR_AUTH_TYPE_CD_1,VARCHAR2,2
3004,1,299,I_PRIOR_AUTH_NO_1,VARCHAR2,11
3004,1,300,PRIOR_AUTHOR_NUM_ASSIGNED,VARCHAR2,11
3004,1,301,I_PRIOR_AUTH_TYPE_CD,VARCHAR2,2
3004,1,302,I_ADJUST_REASON_CD,VARCHAR2,3
3004,1,303,ADJUSTMENT_TYPE,VARCHAR2,1
3004,1,304,O_AUTH_NO_1,VARCHAR2,30
3004,1,305,COB_CARRIER_SUBMIT_AMOUNT,NUMBER,8
3004,1,306,O_OTH_PAY_COVERAGE_TYPE,VARCHAR2,1
3004,1,307,COB_PRIMARY_CLAIM_TYPE_1,VARCHAR2,1
3004,1,308,I_OTHER_PAYER_ID_1,VARCHAR2,10
3004,1,309,COB_PRIMARY_CLAIM_TYPE_2,VARCHAR2,8
3004,1,310,I_OTHER_PAYER_AMT_1,VARCHAR2,8
3004,1,311,I_OTHER_PAYER_PAT_RESP_AMT_1,NUMBER,8
3004,1,312,I_OTHER_PAYER_PAT_RESP_AMT_2,NUMBER,8
3004,1,313,I_OTHER_PAYER_PAT_RESP_AMT_3,NUMBER,8
3004,1,314,I_OTHER_PAYER_ID_2,VARCHAR2,10
3004,1,315,FILLER_3,VARCHAR2,8
3004,1,316,I_OTHER_PAYER_AMT_2,VARCHAR2,8
3004,1,317,I_OTHER_PAYER_PAT_RESP_AMT_4,NUMBER,8
3004,1,318,I_OTHER_PAYER_PAT_RESP_AMT_5,NUMBER,8
3004,1,319,I_OTHER_PAYER_PAT_RESP_AMT_6,NUMBER,8
3004,1,320,O_AUTH_NO_2,VARCHAR2,30
3004,1,321,I_PRIOR_AUTH_NO_2,VARCHAR2,20
3004,1,322,CLIENT_SPECIFIC_DATA,VARCHAR2,50
3004,1,323,AHFS_CODE,VARCHAR2,6
3004,1,324,SPECIALTY_INDICATOR,VARCHAR2,1
3004,1,325,INNOVATOR_INDICATOR,VARCHAR2,1
3004,1,326,PSD,VARCHAR2,50
3004,1,327,I_TXN_CD,VARCHAR2,2
3004,1,328,SERVICE_PROVIDER_NCPDP,VARCHAR2,7
3004,1,329,PSD_3_FILLER,VARCHAR2,41
3004,1,330,CMS_PART_D_DEFINED_QUAL_FAC,VARCHAR2,1
3004,1,331,I_BENEFIT_STAGE_QLFR_1,VARCHAR2,2
3004,1,332,I_BENEFIT_STAGE_AMT_1,NUMBER,8
3004,1,333,I_BENEFIT_STAGE_QLFR_2,VARCHAR2,2
3004,1,334,I_BENEFIT_STAGE_AMT_2,NUMBER,8
3004,1,335,I_BENEFIT_STAGE_QLFR_3,VARCHAR2,2
3004,1,336,I_BENEFIT_STAGE_AMT_3,NUMBER,8
3004,1,337,I_BENEFIT_STAGE_QLFR_4,VARCHAR2,2
3004,1,338,I_BENEFIT_STAGE_AMT_4,NUMBER,8
3004,1,339,INVOICED_DATE,DATE,8
3004,1,340,OUT_OF_POCKET_REMAINING_AMOUNT,NUMBER,8
3004,1,341,CARDHOLDER_ID_ALTERNATE,VARCHAR2,20
3004,1,342,NUMBER_OF_GENERICMANUFACTURERS,VARCHAR2,3
3004,1,343,I_DUR_CO_AGENT_ID_QLFR_1,VARCHAR2,2
3004,1,344,I_DUR_CO_AGENT_ID_1,VARCHAR2,19
3004,1,345,I_DUR_CO_AGENT_ID_QLFR_2,VARCHAR2,2
3004,1,346,I_DUR_CO_AGENT_ID_2,VARCHAR2,19
3004,1,347,I_DUR_CO_AGENT_ID_QLFR_3,VARCHAR2,2
3004,1,348,I_DUR_CO_AGENT_ID_3,VARCHAR2,19
3004,1,349,I_DUR_CO_AGENT_ID_QLFR_4,VARCHAR2,2
3004,1,350,I_DUR_CO_AGENT_ID_4,VARCHAR2,19
3004,1,351,I_DUR_CO_AGENT_ID_QLFR_5,VARCHAR2,2
3004,1,352,I_DUR_CO_AGENT_ID_5,VARCHAR2,19
3004,1,353,I_DUR_CO_AGENT_ID_QLFR_6,VARCHAR2,2
3004,1,354,I_DUR_CO_AGENT_ID_6,VARCHAR2,19
3004,1,355,I_DUR_CO_AGENT_ID_QLFR_7,VARCHAR2,2
3004,1,356,I_DUR_CO_AGENT_ID_7,VARCHAR2,19
3004,1,357,I_DUR_CO_AGENT_ID_QLFR_8,VARCHAR2,2
3004,1,358,I_DUR_CO_AGENT_ID_8,VARCHAR2,19
3004,1,359,I_OT_PAYER_PAT_RESP_AMT_QLFR_1,NUMBER,2
3004,1,360,I_OT_PAYER_PAT_RESP_AMT_1,NUMBER,10
3004,1,361,I_OT_PAYER_PAT_RESP_AMT_QLFR_2,NUMBER,2
3004,1,362,I_OT_PAYER_PAT_RESP_AMT_2,NUMBER,10
3004,1,363,I_OT_PAYER_PAT_RESP_AMT_QLFR_3,NUMBER,2
3004,1,364,I_OT_PAYER_PAT_RESP_AMT_3,NUMBER,10
3004,1,365,I_OT_PAYER_PAT_RESP_AMT_QLFR_4,NUMBER,2
3004,1,366,I_OT_PAYER_PAT_RESP_AMT_4,NUMBER,10
3004,1,367,I_OT_PAYER_PAT_RESP_AMT_QLFR_5,NUMBER,2
3004,1,368,I_OT_PAYER_PAT_RESP_AMT_5,NUMBER,10
3004,1,369,I_OT_PAYER_PAT_RESP_AMT_QLFR_6,NUMBER,2
3004,1,370,I_OT_PAYER_PAT_RESP_AMT_6,NUMBER,10
3004,1,371,I_OT_PAYER_PAT_RESP_AMT_QLFR_7,NUMBER,2
3004,1,372,I_OT_PAYER_PAT_RESP_AMT_7,NUMBER,10
3004,1,373,I_OT_PAYER_PAT_RESP_AMT_QLFR_8,NUMBER,2
3004,1,374,I_OT_PAYER_PAT_RESP_AMT_8,NUMBER,10
3004,1,375,I_OT_PAYER_PAT_RESP_AMT_QLFR_9,NUMBER,2
3004,1,376,I_OT_PAYER_PAT_RESP_AMT_9,NUMBER,10
3004,1,377,I_OT_PAYER_PAT_RES_AMT_QLFR_10,NUMBER,2
3004,1,378,I_OT_PAYER_PAT_RESP_AMT_10,NUMBER,10
3004,1,379,SPECIALTY_CLAIM_INDICATOR,VARCHAR2,1
3004,1,380,CLM_REJECT_CD_1,VARCHAR2,3
3004,1,381,CLM_REJECT_CD_2,VARCHAR2,3
3004,1,382,CLM_REJECT_CD_3,VARCHAR2,3
3004,1,383,CLM_REJECT_CD_4,VARCHAR2,3
3004,1,384,CLM_REJECT_CD_5,VARCHAR2,3
3004,1,385,COPAY_WAIVER_AMOUNT,NUMBER,8
3004,1,386,CMS_PART_D_CONTRACT_ID,VARCHAR2,5
3004,1,387,MEDICARE_PART_D_PLAN_BEN_PACK,VARCHAR2,3
3004,1,64,SERVICE_PROVIDER_NAME,VARCHAR2,35
3004,1,65,ADDRESS_LINE_1,VARCHAR2,55
3004,1,66,ADDRESS_LINE_2,VARCHAR2,55
3004,1,67,CITY_TOWN,VARCHAR2,30
3004,1,68,PROV_STATE_CD,VARCHAR2,2
3004,1,69,POSTAL_ZIP,VARCHAR2,15
3004,1,70,SERVICE_PROVIDER_COUNTY_CODE,VARCHAR2,3
3004,1,71,PHONE_NUMBER,VARCHAR2,10
3004,1,101,ORIGINAL_CLAIM_RECEIVED_DATE,DATE,8
3004,1,102,HEALTH_SERVICE_ITEM_NO,VARCHAR2,5
3004,1,103,BILLING_CYCLE_END_DATE,DATE,8
